[
  {
    "dynamicSlug": "HenryTwill.jpg",
    "fullName": "Henry Twill, Jr",
    "title": "CEO",
    "description": "Henry Twill Jr. is the <em>founder</em> and CEO of H+ Sports. Previously he was an <em>athletic trainer</em> working with several top athletes, making sure that they had the direction and proper coaching to keep them at the <em>top of their game</em>. Henry’s passion for finding natural alternatives led him to developing H+ Sport Multivitamins. The supplements <em>became a success</em> with his clients and led to the creation of H+ Sports."
  },
  {
    "dynamicSlug": "JessicaNewton.jpg",
    "fullName": "Jessica Newton-Smith, MBA",
    "title": "CFO",
    "description": "Jessica Newton-Smith joined us in 2012 and brings more than <em>10 years</em> of financial management experience to H+ Sports, spanning a variety of companies and industries ranging from <em> Fortune 500 agencies</em> to start-ups. She has extensive experience working in <em>emerging markets</em> and in the consumer and retail sectors."
  },
  {
    "dynamicSlug": "PhiTang.jpg",
    "fullName": "Phi Tang, MBA",
    "title": "Director of Product Development",
    "description": "Phi Tang joined H+ Sports in <em>2007</em> as Manager of Marketing Research. He was promoted to Director of Product Development in 2011. He has made <em>major contributions</em> to the discovery, development, and implementation of the H+ Sport product lines. Before joining the company he worked as a <em>scientific expert</em> and brings vast knowledge of ingredients and <em>new technologies</em>."
  },
  {
    "dynamicSlug": "MariaSontas.jpg",
    "fullName": "Maria Sontas",
    "title": "Director of Marketing",
    "description": "Maria Sontas has been with H+ Sport since 2010. She oversees the company’s <em>marketing strategy</em> – ensuring advertising campaigns, social media initiatives, and events are planned to <em>position the company</em> strongly in a competitive marketplace. Maria is a <em>competing triathlete</em> and her passion for our products shows in her unique ability to drive awareness and <em>increase our presence</em> around the world."
  },
  {
    "dynamicSlug": "AngelaHashton.jpg",
    "fullName": "Angela Hashton",
    "title": "Director of Sales",
    "description": "Angela Hashton joined the company in 2009, to <em>initiate new relationships</em> for our growing line of H+ Sports active apparel. After being with the company for a year, she was promoted to Director of Sales. Angela is the drive behind the H+ Sport <em>ACTIVE product line</em> and has an uncanny ability to formulate strategies that have helped build our unified sales force. <em>Educating people</em> about health and nutrition is something that Angela holds dear."
  },
  {
    "dynamicSlug": "MichaelLewiston.jpg",
    "fullName": "Michael Lewiston, MFA",
    "title": "Creative Director",
    "description": "Michael Lewiston is a multi-faceted <em>creative person</em> who began his career as a designer for a small business firm, while also working as an independent <em>painter and sculptor</em>. In 2007, Henry Twill was impressed by Michael’s creative work in a national ad campaign for a high profile sports apparel company. Henry approached Michael, and asked him to <em>manage creative direction</em> for the H+ Sport ACTIVE apparel line."
  }
]