id,album_art,artist_id,format,price,title,year
1,"album1.jpg",1,"CD",12.99,"Thriller",1982
2,"album2.jpg",2,"Vinyl",19.99,"The Dark Side of the Moon",1973
3,"album3.jpg",3,"Digital",9.99,"Abbey Road",1969
4,"album4.jpg",4,"CD",14.99,"Led Zeppelin IV",1971
5,"album5.jpg",5,"Vinyl",24.99,"Rumours",1977
6,"album6.jpg",6,"Digital",10.99,"Back in Black",1980
7,"album7.jpg",7,"CD",13.99,"The Wall",1979
8,"album8.jpg",8,"Vinyl",23.99,"A Night at the Opera",1975
9,"album9.jpg",9,"Digital",11.99,"Hotel California",1976
10,"album10.jpg",10,"CD",15.99,"Sgt. Pepper's Lonely Hearts Club Band",1967
11,"album11.jpg",11,"Vinyl",25.99,"Led Zeppelin II",1969
12,"album12.jpg",12,"Digital",12.99,"The Joshua Tree",1987
13,"album13.jpg",13,"CD",16.99,"Born to Run",1975
14,"album14.jpg",14,"Vinyl",26.99,"Wish You Were Here",1975
15,"album15.jpg",15,"Digital",13.99,"Revolver",1966
16,"album16.jpg",16,"CD",17.99,"Aja",1977
17,"album17.jpg",17,"Vinyl",27.99,"Dark Side of the Moon",1973
18,"album18.jpg",18,"Digital",14.99,"The Stranger",1977
19,"album19.jpg",19,"CD",18.99,"Pet Sounds",1966
20,"album20.jpg",20,"Vinyl",28.99,"Led Zeppelin",1969
21,"album21.jpg",21,"Digital",15.99,"Thriller",1982
22,"album22.jpg",22,"CD",19.99,"The Dark Side of the Moon",1973
23,"album23.jpg",23,"Vinyl",29.99,"Abbey Road",1969
24,"album24.jpg",24,"Digital",16.99,"Led Zeppelin IV",1971
25,"album25.jpg",25,"CD",20.99,"Rumours",1977
26,"album26.jpg",26,"Vinyl",30.99,"Back in Black",1980
27,"album27.jpg",27,"Digital",17.99,"The Wall",1979
28,"album28.jpg",28,"CD",21.99,"A Night at the Opera",1975
29,"album29.jpg",29,"Vinyl",31.99,"Hotel California",1976
30,"album30.jpg",30,"Digital",18.99,"Sgt. Pepper's Lonely Hearts Club Band",1967
31,"album31.jpg",31,"CD",22.99,"Led Zeppelin II",1969
32,"album32.jpg",32,"Vinyl",32.99,"The Joshua Tree",1987
33,"album33.jpg",33,"Digital",19.99,"Born to Run",1975
34,"album34.jpg",34,"CD",23.99,"Wish You Were Here",1975
35,"album35.jpg",35,"Vinyl",33.99,"Revolver",1966
36,"album36.jpg",36,"Digital",20.99,"Aja",1977
37,"album37.jpg",37,"CD",24.99,"Dark Side of the Moon",1973
38,"album38.jpg",38,"Vinyl",34.99,"The Stranger",1977
39,"album39.jpg",39,"Digital",21.99,"Pet Sounds",1966
40,"album40.jpg",40,"CD",25.99,"Led Zeppelin",1969
41,"album41.jpg",41,"Vinyl",35.99,"Thriller",1982
42,"album42.jpg",42,"Digital",22.99,"The Dark Side of the Moon",1973
43,"album43.jpg",43,"CD",26.99,"Abbey Road",1969
44,"album44.jpg",44,"Vinyl",36.99,"Led Zeppelin IV",1971
45,"album45.jpg",45,"Digital",23.99,"Rumours",1977
46,"album46.jpg",46,"CD",27.99,"Back in Black",1980
47,"album47.jpg",47,"Vinyl",37.99,"The Wall",1979
48,"album48.jpg",48,"Digital",24.99,"A Night at the Opera",1975
49,"album49.jpg",49,"CD",28.99,"Hotel California",1976
50,"album50.jpg",50,"Vinyl",38.99,"Sgt. Pepper's Lonely Hearts Club Band",1967