id,name
1,"Michael Jackson"
2,"Pink Floyd"
3,"The Beatles"
4,"Led Zeppelin"
5,"Fleetwood Mac"
6,"AC/DC"
7,"Pink Floyd"
8,"Queen"
9,"Eagles"
10,"The Beatles"
11,"Led Zeppelin"
12,"U2"
13,"Bruce Springsteen"
14,"Pink Floyd"
15,"The Beatles"
16,"Steely Dan"
17,"Pink Floyd"
18,"Billy Joel"
19,"The Beach Boys"
20,"Led Zeppelin"
21,"Michael Jackson"
22,"Pink Floyd"
23,"The Beatles"
24,"Led Zeppelin"
25,"Fleetwood Mac"
26,"AC/DC"
27,"Pink Floyd"
28,"Queen"
29,"Eagles"
30,"The Beatles"
31,"Led Zeppelin"
32,"U2"
33,"Bruce Springsteen"
34,"Pink Floyd"
35,"The Beatles"
36,"Steely Dan"
37,"Pink Floyd"
38,"Billy Joel"
39,"The Beach Boys"
40,"Led Zeppelin"
41,"Michael Jackson"
42,"Pink Floyd"
43,"The Beatles"
44,"Led Zeppelin"
45,"Fleetwood Mac"
46,"AC/DC"
47,"Pink Floyd"
48,"Queen"
49,"Eagles"
50,"The Beatles"