artist_name,album_id,album_art,year,format,price,title,track_information
The Beatles,001,beatles_album1.jpg,1967,CD,15.99,Sgt. Pepper's Lonely Hearts Club Band,"[{""name"": ""Sgt. Pepper's Lonely Hearts Club Band"", ""length"": ""2:02"", ""track_number"": 1}, {""name"": ""With a Little Help from My Friends"", ""length"": ""2:44"", ""track_number"": 2}]"
Pink Floyd,002,pinkfloyd_album1.jpg,1973,Vinyl,19.99,The Dark Side of the Moon,"[{""name"": ""Speak to Me"", ""length"": ""1:30"", ""track_number"": 1}, {""name"": ""Breathe"", ""length"": ""2:43"", ""track_number"": 2}]"
Led Zeppelin,003,ledzeppelin_album1.jpg,1971,CD,14.99,IV,"[{""name"": ""Stairway to Heaven"", ""length"": ""8:02"", ""track_number"": 1}, {""name"": ""Black Dog"", ""length"": ""4:55"", ""track_number"": 2}]"
The Rolling Stones,004,rollingstones_album1.jpg,1981,Vinyl,16.99,Tattoo You,"[{""name"": ""Start Me Up"", ""length"": ""3:31"", ""track_number"": 1}, {""name"": ""Waiting on a Friend"", ""length"": ""4:34"", ""track_number"": 2}]"
Michael Jackson,005,michaeljackson_album1.jpg,1982,CD,12.99,Thriller,"[{""name"": ""Wanna Be Startin' Somethin'", ""length"": ""6:03"", ""track_number"": 1}, {""name"": ""Billie Jean"", ""length"": ""4:54"", ""track_number"": 2}]"
Queen,006,queen_album1.jpg,1975,Vinyl,18.99,A Night at the Opera,"[{""name"": ""Bohemian Rhapsody"", ""length"": ""5:55"", ""track_number"": 1}, {""name"": ""You're My Best Friend"", ""length"": ""2:52"", ""track_number"": 2}]"
David Bowie,007,davidbowie_album1.jpg,1972,CD,13.99,Ziggy Stardust,"[{""name"": ""Five Years"", ""length"": ""4:43"", ""track_number"": 1}, {""name"": ""Starman"", ""length"": ""4:15"", ""track_number"": 2}]"
Prince,008,prince_album1.jpg,1984,CD,14.99,Purple Rain,"[{""name"": ""Let's Go Crazy"", ""length"": ""4:39"", ""track_number"": 1}, {""name"": ""When Doves Cry"", ""length"": ""5:52"", ""track_number"": 2}]"
Elton John,009,eltonjohn_album1.jpg,1973,Vinyl,15.99,Goodbye Yellow Brick Road,"[{""name"": ""Funeral for a Friend/Love Lies Bleeding"", ""length"": ""11:08"", ""track_number"": 1}, {""name"": ""Candle in the Wind"", ""length"": ""3:50"", ""track_number"": 2}]"
U2,010,u2_album1.jpg,1987,CD,14.99,The Joshua Tree,"[{""name"": ""Where the Streets Have No Name"", ""length"": ""5:36"", ""track_number"": 1}, {""name"": ""I Still Haven't Found What I'm Looking For"", ""length"": ""4:38"", ""track_number"": 2}]"
The Eagles,011,eagles_album1.jpg,1976,CD,16.99,Hotel California,"[{""name"": ""Hotel California"", ""length"": ""6:30"", ""track_number"": 1}, {""name"": ""New Kid in Town"", ""length"": ""5:04"", ""track_number"": 2}]"
The Rolling Stones,012,rollingstones_album2.jpg,1969,Vinyl,17.99,Let It Bleed,"[{""name"": ""Gimme Shelter"", ""length"": ""4:30"", ""track_number"": 1}, {""name"": ""You Can't Always Get What You Want"", ""length"": ""7:30"", ""track_number"": 2}]"
Fleetwood Mac,013,fleetwoodmac_album1.jpg,1977,CD,15.99,Rumours,"[{""name"": ""Go Your Own Way"", ""length"": ""3:38"", ""track_number"": 1}, {""name"": ""Dreams"", ""length"": ""4:17"", ""track_number"": 2}]"
AC/DC,014,acdc_album1.jpg,1980,Vinyl,18.99,Back in Black,"[{""name"": ""Hells Bells"", ""length"": ""5:12"", ""track_number"": 1}, {""name"": ""You Shook Me All Night Long"", ""length"": ""3:30"", ""track_number"": 2}]"
Bob Marley & The Wailers,015,bobmarley_album1.jpg,1977,CD,12.99,Legend,"[{""name"": ""Is This Love"", ""length"": ""3:52"", ""track_number"": 1}, {""name"": ""No Woman, No Cry"", ""length"": ""7:09"", ""track_number"": 2}]"
The Who,016,who_album1.jpg,1969,Vinyl,16.99,Tommy,"[{""name"": ""Overture"", ""length"": ""4:48"", ""track_number"": 1}, {""name"": ""Pinball Wizard"", ""length"": ""3:00"", ""track_number"": 2}]"
The Rolling Stones,017,rollingstones_album3.jpg,1978,Vinyl,17.99,Some Girls,"[{""name"": ""Miss You"", ""length"": ""4:48"", ""track_number"": 1}, {""name"": ""Beast of Burden"", ""length"": ""4:25"", ""track_number"": 2}]"
Madonna,018,madonna_album1.jpg,1984,CD,13.99,Like a Virgin,"[{""name"": ""Material Girl"", ""length"": ""3:53"", ""track_number"": 1}, {""name"": ""Like a Virgin"", ""length"": ""3:08"", ""track_number"": 2}]"
Nirvana,019,nirvana_album1.jpg,1991,Vinyl,15.99,Nevermind,"[{""name"": ""Smells Like Teen Spirit"", ""length"": ""5:01"", ""track_number"": 1}, {""name"": ""In Bloom"", ""length"": ""4:14"", ""track_number"": 2}]"
Bob Dylan,020,bobdylan_album1.jpg,1965,CD,12.99,Highway 61 Revisited,"[{""name"": ""Like a Rolling Stone"", ""length"": ""6:13"", ""track_number"": 1}, {""name"": ""Tombstone Blues"", ""length"": ""5:57"", ""track_number"": 2}]"
Eminem,021,eminem_album1.jpg,2000,Vinyl,18.99,The Marshall Mathers LP,"[{""name"": ""The Real Slim Shady"", ""length"": ""4:45"", ""track_number"": 1}, {""name"": ""Stan"", ""length"": ""6:44"", ""track_number"": 2}]"
Bob Seger,022,bobseger_album1.jpg,1976,CD,14.99,Night Moves,"[{""name"": ""Rock and Roll Never Forgets"", ""length"": ""3:54"", ""track_number"": 1}, {""name"": ""Mainstreet"", ""length"": ""3:43"", ""track_number"": 2}]"
Jimi Hendrix,023,jimihendrix_album1.jpg,1967,Vinyl,16.99,Are You Experienced,"[{""name"": ""Purple Haze"", ""length"": ""2:50"", ""track_number"": 1}, {""name"": ""Fire"", ""length"": ""2:43"", ""track_number"": 2}]"
Adele,024,adele_album1.jpg,2011,CD,12.99,21,"[{""name"": ""Rolling in the Deep"", ""length"": ""3:54"", ""track_number"": 1}, {""name"": ""Someone Like You"", ""length"": ""4:45"", ""track_number"": 2}]"
Bee Gees,025,beegees_album1.jpg,1977,Vinyl,15.99,Saturday Night Fever Soundtrack,"[{""name"": ""Stayin' Alive"", ""length"": ""4:45"", ""track_number"": 1}, {""name"": ""How Deep Is Your Love"", ""length"": ""4:05"", ""track_number"": 2}]"
R.E.M.,026,rem_album1.jpg,1992,CD,13.99,Automatic for the People,"[{""name"": ""Drive"", ""length"": ""4:31"", ""track_number"": 1}, {""name"": ""Everybody Hurts"", ""length"": ""5:17"", ""track_number"": 2}]"
Simon & Garfunkel,027,simonandgarfunkel_album1.jpg,1970,Vinyl,16.99,Bridge Over Troubled Water,"[{""name"": ""Bridge Over Troubled Water"", ""length"": ""4:55"", ""track_number"": 1}, {""name"": ""The Boxer"", ""length"": ""5:08"", ""track_number"": 2}]"
Taylor Swift,028,taylorswift_album1.jpg,2014,CD,14.99,1989,"[{""name"": ""Shake It Off"", ""length"": ""3:39"", ""track_number"": 1}, {""name"": ""Blank Space"", ""length"": ""3:51"", ""track_number"": 2}]"
The Police,029,thepolice_album1.jpg,1983,Vinyl,18.99,Synchronicity,"[{""name"": ""Every Breath You Take"", ""length"": ""4:13"", ""track_number"": 1}, {""name"": ""King of Pain"", ""length"": ""4:59"", ""track_number"": 2}]"
Whitney Houston,030,whitneyhouston_album1.jpg,1985,CD,12.99,Whitney Houston,"[{""name"": ""Saving All My Love for You"", ""length"": ""3:57"", ""track_number"": 1}, {""name"": ""How Will I Know"", ""length"": ""4:33"", ""track_number"": 2}]"
Guns N' Roses,031,gunsnroses_album1.jpg,1987,Vinyl,16.99,Appetite for Destruction,"[{""name"": ""Welcome to the Jungle"", ""length"": ""4:31"", ""track_number"": 1}, {""name"": ""Sweet Child o' Mine"", ""length"": ""5:55"", ""track_number"": 2}]"
Aerosmith,032,aerosmith_album1.jpg,1975,CD,15.99,Toys in the Attic,"[{""name"": ""Sweet Emotion"", ""length"": ""4:34"", ""track_number"": 1}, {""name"": ""Walk This Way"", ""length"": ""3:32"", ""track_number"": 2}]"
Elvis Presley,033,elvispresley_album1.jpg,1956,Vinyl,14.99,Elvis Presley,"[{""name"": ""Blue Suede Shoes"", ""length"": ""2:00"", ""track_number"": 1}, {""name"": ""Heartbreak Hotel"", ""length"": ""2:08"", ""track_number"": 2}]"
Beyoncé,034,beyonce_album1.jpg,2008,CD,13.99,I Am... Sasha Fierce,"[{""name"": ""Single Ladies (Put a Ring on It)"", ""length"": ""3:13"", ""track_number"": 1}, {""name"": ""If I Were a Boy"", ""length"": ""4:10"", ""track_number"": 2}]"
Coldplay,035,coldplay_album1.jpg,2000,Vinyl,18.99,Parachutes,"[{""name"": ""Yellow"", ""length"": ""4:29"", ""track_number"": 1}, {""name"": ""Shiver"", ""length"": ""5:00"", ""track_number"": 2}]"
Bruce Springsteen,036,brucespringsteen_album1.jpg,1975,CD,14.99,Born to Run,"[{""name"": ""Thunder Road"", ""length"": ""4:49"", ""track_number"": 1}, {""name"": ""Tenth Avenue Freeze-Out"", ""length"": ""3:11"", ""track_number"": 2}]"
Usher,037,usher_album1.jpg,2004,CD,12.99,Confessions,"[{""name"": ""Yeah!"", ""length"": ""4:10"", ""track_number"": 1}, {""name"": ""Confessions Part II"", ""length"": ""3:48"", ""track_number"": 2}]"
Adele,038,adele_album2.jpg,2015,Vinyl,19.99,25,"[{""name"": ""Hello"", ""length"": ""4:55"", ""track_number"": 1}, {""name"": ""When We Were Young"", ""length"": ""4:50"", ""track_number"": 2}]"
Coldplay,039,coldplay_album2.jpg,2002,CD,14.99,A Rush of Blood to the Head,"[{""name"": ""Clocks"", ""length"": ""5:07"", ""track_number"": 1}, {""name"": ""The Scientist"", ""length"": ""5:09"", ""track_number"": 2}]"
Bruce Springsteen,040,brucespringsteen_album2.jpg,1984,Vinyl,18.99,Born in the U.S.A.,"[{""name"": ""Born in the U.S.A."", ""length"": ""4:39"", ""track_number"": 1}, {""name"": ""Dancing in the Dark"", ""length"": ""4:01"", ""track_number"": 2}]"
Usher,041,usher_album2.jpg,2008,CD,12.99,Here I Stand,"[{""name"": ""Love in This Club"", ""length"": ""4:20"", ""track_number"": 1}, {""name"": ""Moving Mountains"", ""length"": ""4:57"", ""track_number"": 2}]"
Ed Sheeran,042,edsheeran_album1.jpg,2014,Vinyl,19.99,X,"[{""name"": ""Sing"", ""length"": ""3:55"", ""track_number"": 1}, {""name"": ""Don't"", ""length"": ""3:39"", ""track_number"": 2}]"
Fleetwood Mac,043,fleetwoodmac_album2.jpg,1975,CD,13.99,Fleetwood Mac,"[{""name"": ""Rhiannon"", ""length"": ""4:12"", ""track_number"": 1}, {""name"": ""Landslide"", ""length"": ""3:19"", ""track_number"": 2}]"
ABBA,044,abba_album1.jpg,1977,Vinyl,16.99,Arrival,"[{""name"": ""Dancing Queen"", ""length"": ""3:51"", ""track_number"": 1}, {""name"": ""Knowing Me, Knowing You"", ""length"": ""4:02"", ""track_number"": 2}]"
Madonna,045,madonna_album2.jpg,1986,CD,12.99,True Blue,"[{""name"": ""Papa Don't Preach"", ""length"": ""4:11"", ""track_number"": 1}, {""name"": ""La Isla Bonita"", ""length"": ""3:48"", ""track_number"": 2}]"
Prince,046,prince_album2.jpg,1982,Vinyl,17.99,1999,"[{""name"": ""1999"", ""length"": ""6:22"", ""track_number"": 1}, {""name"": ""Little Red Corvette"", ""length"": ""4:59"", ""track_number"": 2}]"
Elton John,047,eltonjohn_album2.jpg,1983,CD,14.99,Too Low for Zero,"[{""name"": ""I'm Still Standing"", ""length"": ""3:02"", ""track_number"": 1}, {""name"": ""I Guess That's Why They Call It the Blues"", ""length"": ""4:45"", ""track_number"": 2}]"
Elvis Presley,048,elvispresley_album2.jpg,1956,Vinyl,15.99,Elvis,"[{""name"": ""Don't Be Cruel"", ""length"": ""2:04"", ""track_number"": 1}, {""name"": ""All Shook Up"", ""length"": ""1:57"", ""track_number"": 2}]"
Beyoncé,049,beyonce_album2.jpg,2011,CD,13.99,4,"[{""name"": ""Run the World (Girls)"", ""length"": ""3:56"", ""track_number"": 1}, {""name"": ""Best Thing I Never Had"", ""length"": ""4:13"", ""track_number"": 2}]"
Guns N' Roses,050,gunsnroses_album2.jpg,1991,Vinyl,19.99,Use Your Illusion I,"[{""name"": ""Don't Cry"", ""length"": ""4:45"", ""track_number"": 1}, {""name"": ""Live and Let Die"", ""length"": ""3:04"", ""track_number"": 2}]"