CourseId,CourseName
101,Master JavaScript
102,Master DynamoDB
103,Master Docker
104,Advanced Python
105,Machine Learning Fundamentals
106,Data Science Essentials
107,ReactJS Basics
108,Node.js Fundamentals
109,Cloud Computing with AWS
110,DevOps for Beginners
111,Web Development with HTML/CSS
112,Java Programming
113,Introduction to Big Data
114,Cybersecurity Essentials
115,Database Management with SQL
116,AWS Certified Solutions Architect
117,Python for Data Analysis
118,Web Application Security
119,Full-Stack Development with MEAN Stack
120,Blockchain Fundamentals
