id,album_id,name,number,length
1,1,"Billie Jean",1,4:54
2,1,"Thriller",2,5:57
3,2,"Time",1,6:53
4,2,"Breathe (In the Air)",2,2:43
5,3,"Come Together",1,4:20
6,3,"Something",2,3:02
7,4,"Stairway to Heaven",1,8:02
8,4,"Black Dog",2,4:55
9,5,"Go Your Own Way",1,3:38
10,5,"Dreams",2,4:14
11,6,"Back in Black",1,4:15
12,6,"You Shook Me All Night Long",2,3:30
13,7,"Another Brick in the Wall (Part 2)",1,3:59
14,7,"Comfortably Numb",2,6:22
15,8,"Bohemian Rhapsody",1,5:55
16,8,"Somebody to Love",2,4:55
17,9,"Hotel California",1,6:30
18,9,"New Kid in Town",2,5:04
19,10,"Lucy in the Sky with Diamonds",1,3:28
20,10,"With a Little Help from My Friends",2,2:44
21,11,"Whole Lotta Love",1,5:34
22,11,"Ramble On",2,4:23
23,12,"With or Without You",1,4:55
24,12,"I Still Haven't Found What I'm Looking For",2,4:37
25,13,"Born to Run",1,4:30
26,13,"Thunder Road",2,4:50
27,14,"Wish You Were Here",1,5:34
28,14,"Shine On You Crazy Diamond",2,13:31
29,15,"Here Comes the Sun",1,3:07
30,15,"Come Together",2,4:19
31,16,"Reelin' in the Years",1,4:35
32,16,"Do It Again",2,5:53
33,17,"Money",1,6:23
34,17,"Us and Them",2,7:51
35,18,"Piano Man",1,5:39
36,18,"Just the Way You Are",2,3:37
37,19,"Wouldn't It Be Nice",1,2:25
38,19,"God Only Knows",2,2:46
39,20,"Good Times Bad Times",1,2:47
40,20,"Dazed and Confused",2,6:26
41,21,"Billie Jean",1,4:54
42,21,"Thriller",2,5:57
43,22,"Time",1,6:53
44,22,"Breathe (In the Air)",2,2:43
45,23,"Come Together",1,4:20
46,23,"Something",2,3:02
47,24,"Stairway to Heaven",1,8:02
48,24,"Black Dog",2,4:55
49,25,"Go Your Own Way",1,3:38
50,25,"Dreams",2,4:14