email,password
tom@skillbakery.com,"password123"
jane.doe@skillbakery.com,"secret@123"
john.smith@skillbakery.com,"letmein"
sarah.wilson@skillbakery.com,"password456"
michael.jackson@skillbakery.com,"qwerty"
lisa.smith@skillbakery.com,"abcdef"
david.jones@skillbakery.com,"securepass"
emily.williams@skillbakery.com,"mypassword"
chris.brown@skillbakery.com,"password789"
jennifer.taylor@skillbakery.com,"access123"
matthew.wilson@skillbakery.com,"newpass"
susan.clark@skillbakery.com,"p@ssw0rd"
andrew.wilson@skillbakery.com,"1234password"
emily.johnson@skillbakery.com,"test123"
james.davis@skillbakery.com,"passwordtest"
laura.smith@skillbakery.com,"changeme"
robert.taylor@skillbakery.com,"password1"
sarah.jones@skillbakery.com,"passwordtest1"
michael.brown@skillbakery.com,"password1234"
jessica.taylor@skillbakery.com,"secure@123"
daniel.smith@skillbakery.com,"123456"
amanda.johnson@skillbakery.com,"p@ssw0rd!"
christopher.jones@skillbakery.com,"letmein123"
linda.davis@skillbakery.com,"password987"
michael.wilson@skillbakery.com,"qwerty123"
elizabeth.taylor@skillbakery.com,"abcdef123"
david.martin@skillbakery.com,"securepass123"
susan.thompson@skillbakery.com,"mypassword123"
joseph.martinez@skillbakery.com,"password789!"
rebecca.thomas@skillbakery.com,"access1234"
william.davies@skillbakery.com,"newpass123"
michelle.davis@skillbakery.com,"p@ssw0rd123"
daniel.morris@skillbakery.com,"1234password!"
jennifer.wright@skillbakery.com,"test1234"
johnson.smith@skillbakery.com,"passwordtest123"
sarah.harris@skillbakery.com,"changeme123"
richard.martin@skillbakery.com,"password123!"
linda.davies@skillbakery.com,"passwordtest123"
matthew.roberts@skillbakery.com,"password12345"
susan.wright@skillbakery.com,"secure@123!"