[
  {
    "name": "Summer Jam Festival",
    "date": "2024-08-15T21:00:00.000+00:00",
    "imageWidth": 800,
    "imageHeight": 450,
    "imageUrl": "/images/summer-fest.jpeg",
    "location": "City Park Pavilion, Cityville"
  },
  {
    "name": "Culinary Delights & Rhythms",
    "date": "2024-10-06T00:00:00.000+00:00",
    "imageWidth": 800,
    "imageHeight": 450,
    "imageUrl": "/images/eats-and-beats.jpeg",
    "location": "Grand Banquet Hall, Laketown"
  },
  {
    "name": "Electric Pulse Night",
    "date": "2024-11-25T02:00:00.000+00:00",
    "imageWidth": 800,
    "imageHeight": 450,
    "imageUrl": "/images/dj-electric.jpeg",
    "location": "Metro Lounge, Metro City"
  },
  {
    "name": "Sunset Serenade Beach Party",
    "date": "2025-07-29T22:00:00.000+00:00",
    "imageWidth": 800,
    "imageHeight": 450,
    "imageUrl": "/images/sunset-beach-bash.jpeg",
    "location": "Seaside Paradise Resort, Seaside Village"
  },
  {
    "name": "Rock Revival Festival",
    "date": "2025-04-20T22:00:00.000+00:00",
    "imageWidth": 800,
    "imageHeight": 450,
    "imageUrl": "/images/rock-revival.jpeg",
    "location": "Hillside Amphitheater, Hillside Park"
  },
  {
    "name": "Sky High Fiesta",
    "date": "2024-09-29T00:00:00.000+00:00",
    "imageWidth": 800,
    "imageHeight": 450,
    "imageUrl": "/images/sky-high-fiesta.jpeg",
    "location": "Skyview Terrace, Sky Towers"
  }
]