[
    {
        "book_id": 1,
        "title": "To Kill a Mockingbird",
        "author": "Harper Lee",
        "isbn": "978-0-06-112008-4",
        "year_of_publication": 1960
    },
    {
        "book_id": 2,
        "title": "1984",
        "author": "George Orwell",
        "isbn": "978-0-452-28423-4",
        "year_of_publication": 1949
    },
    {
        "book_id": 3,
        "title": "Pride and Prejudice",
        "author": "Jane Austen",
        "isbn": "978-1-85326-120-9",
        "year_of_publication": 1813
    },
    {
        "book_id": 4,
        "title": "The Catcher in the Rye",
        "author": "J.D. Salinger",
        "isbn": "978-0-316-76948-0",
        "year_of_publication": 1951
    },
    {
        "book_id": 5,
        "title": "The Great Gatsby",
        "author": "F. Scott Fitzgerald",
        "isbn": "978-0-7432-7356-5",
        "year_of_publication": 1925
    }
]