{
    "prepare_queue": {
        "installed": [],
        "uninstalled": []
    },
    "config_munge": {
        "files": {
            "res/xml/config.xml": {
                "parents": {
                    "/*": [
                        {
                            "xml": "<feature name=\"Whitelist\"><param name=\"android-package\" value=\"org.apache.cordova.whitelist.WhitelistPlugin\" /><param name=\"onload\" value=\"true\" /></feature>",
                            "count": 1
                        },
                        {
                            "xml": "<feature name=\"Geolocation\"><param name=\"android-package\" value=\"org.apache.cordova.geolocation.Geolocation\" /></feature>",
                            "count": 1
                        },
                        {
                            "xml": "<feature name=\"Notification\"><param name=\"android-package\" value=\"org.apache.cordova.dialogs.Notification\" /></feature>",
                            "count": 1
                        },
                        {
                            "xml": "<feature name=\"StatusBar\"><param name=\"android-package\" value=\"org.apache.cordova.statusbar.StatusBar\" /><param name=\"onload\" value=\"true\" /></feature>",
                            "count": 1
                        },
                        {
                            "xml": "<feature name=\"LocationServices\"><param name=\"android-package\" value=\"fr.louisbl.cordova.locationservices.CordovaLocationServices\" /></feature>",
                            "count": 1
                        }
                    ]
                }
            },
            "AndroidManifest.xml": {
                "parents": {
                    "/*": [
                        {
                            "xml": "<uses-permission android:name=\"android.permission.ACCESS_COARSE_LOCATION\" />",
                            "count": 2
                        },
                        {
                            "xml": "<uses-permission android:name=\"android.permission.ACCESS_FINE_LOCATION\" />",
                            "count": 2
                        },
                        {
                            "xml": "<uses-feature android:name=\"android.hardware.location.gps\" />",
                            "count": 1
                        },
                        {
                            "xml": "<uses-permission android:name=\"android.permission.INTERNET\" />",
                            "count": 1
                        }
                    ]
                }
            }
        }
    },
    "installed_plugins": {
        "cordova-plugin-whitelist": {
            "PACKAGE_NAME": "io.cordova.myappdec233"
        },
        "cordova-plugin-compat": {
            "PACKAGE_NAME": "io.cordova.myappdec233"
        },
        "cordova-plugin-geolocation": {
            "PACKAGE_NAME": "io.cordova.myappdec233"
        },
        "cordova-plugin-dialogs": {
            "PACKAGE_NAME": "io.cordova.myappdec233"
        },
        "cordova-plugin-statusbar": {
            "PACKAGE_NAME": "io.cordova.myappdec233"
        },
        "cordova-plugin-locationservices": {
            "PACKAGE_NAME": "io.cordova.myappdec233"
        }
    },
    "dependent_plugins": {},
    "modules": [
        {
            "file": "plugins/cordova-plugin-geolocation/www/android/geolocation.js",
            "id": "cordova-plugin-geolocation.geolocation",
            "clobbers": [
                "navigator.geolocation"
            ]
        },
        {
            "file": "plugins/cordova-plugin-geolocation/www/PositionError.js",
            "id": "cordova-plugin-geolocation.PositionError",
            "runs": true
        },
        {
            "file": "plugins/cordova-plugin-dialogs/www/notification.js",
            "id": "cordova-plugin-dialogs.notification",
            "merges": [
                "navigator.notification"
            ]
        },
        {
            "file": "plugins/cordova-plugin-dialogs/www/android/notification.js",
            "id": "cordova-plugin-dialogs.notification_android",
            "merges": [
                "navigator.notification"
            ]
        },
        {
            "file": "plugins/cordova-plugin-statusbar/www/statusbar.js",
            "id": "cordova-plugin-statusbar.statusbar",
            "clobbers": [
                "window.StatusBar"
            ]
        },
        {
            "file": "plugins/cordova-plugin-locationservices/www/Coordinates.js",
            "id": "cordova-plugin-locationservices.Coordinates",
            "clobbers": [
                "cordova.plugins.locationServices.Coordinates",
                "plugin.locationServices.Coordinates"
            ]
        },
        {
            "file": "plugins/cordova-plugin-locationservices/www/PositionError.js",
            "id": "cordova-plugin-locationservices.PositionError",
            "clobbers": [
                "cordova.plugins.locationServices.PositionError",
                "plugin.locationServices.PositionError"
            ]
        },
        {
            "file": "plugins/cordova-plugin-locationservices/www/Position.js",
            "id": "cordova-plugin-locationservices.Position",
            "clobbers": [
                "cordova.plugins.locationServices.PositionError",
                "plugin.locationServices.PositionError"
            ]
        },
        {
            "file": "plugins/cordova-plugin-locationservices/www/LocationServices.js",
            "id": "cordova-plugin-locationservices.LocationServices",
            "clobbers": [
                "cordova.plugins.locationServices.geolocation",
                "plugin.locationServices.geolocation"
            ]
        }
    ],
    "plugin_metadata": {
        "cordova-plugin-whitelist": "1.3.3",
        "cordova-plugin-compat": "1.2.0",
        "cordova-plugin-geolocation": "2.4.3",
        "cordova-plugin-dialogs": "1.3.4",
        "cordova-plugin-statusbar": "2.4.0",
        "cordova-plugin-locationservices": "2.1.0"
    }
}